Image Name,Majority Vote Label,Number of Annotators who Selected SSA (Out of 7),Partition
MHIST_aaa.png,SSA,6,train
MHIST_aab.png,HP,0,train
MHIST_aac.png,SSA,5,train
MHIST_aae.png,HP,1,train
MHIST_aaf.png,SSA,5,train
MHIST_aai.png,HP,3,train
MHIST_aaj.png,HP,0,train
MHIST_aak.png,HP,2,train
MHIST_aal.png,SSA,5,train
MHIST_aam.png,HP,0,train
MHIST_aao.png,HP,0,train
MHIST_aap.png,HP,2,train
MHIST_aas.png,SSA,4,train
MHIST_aat.png,HP,0,train
MHIST_aau.png,HP,0,train
MHIST_aav.png,HP,0,train
MHIST_aaw.png,HP,0,train
MHIST_aax.png,HP,0,train
MHIST_aba.png,HP,0,train
MHIST_abc.png,HP,0,train
MHIST_abd.png,HP,0,train
MHIST_abf.png,HP,2,train
MHIST_abg.png,HP,0,train
MHIST_abh.png,SSA,4,train
MHIST_abj.png,HP,1,train
MHIST_abk.png,HP,2,train
MHIST_abl.png,HP,1,train
MHIST_abm.png,HP,0,train
MHIST_abn.png,HP,2,train
MHIST_abp.png,HP,0,train
MHIST_abq.png,HP,0,train
MHIST_abr.png,SSA,5,train
MHIST_abu.png,HP,1,train
MHIST_abv.png,HP,0,train
MHIST_abw.png,HP,0,train
MHIST_aby.png,HP,3,train
MHIST_abz.png,HP,0,train
MHIST_aca.png,SSA,6,train
MHIST_acd.png,HP,0,train
MHIST_ace.png,SSA,4,train
MHIST_acf.png,SSA,4,train
MHIST_ach.png,HP,0,train
MHIST_aci.png,HP,2,train
MHIST_acj.png,HP,0,train
MHIST_ack.png,HP,0,train
MHIST_acl.png,HP,0,train
MHIST_acm.png,SSA,5,train
MHIST_acn.png,HP,2,train
MHIST_acr.png,HP,3,train
MHIST_acs.png,HP,0,train
MHIST_act.png,HP,1,train
MHIST_acu.png,HP,0,train
MHIST_acv.png,SSA,4,train
MHIST_acx.png,HP,1,train
MHIST_acz.png,HP,0,train
MHIST_ada.png,SSA,5,train
MHIST_adb.png,HP,0,train
MHIST_ade.png,HP,2,train
MHIST_adf.png,HP,0,train
MHIST_adg.png,HP,0,train
MHIST_adh.png,HP,2,train
MHIST_adi.png,HP,1,train
MHIST_adk.png,SSA,6,train
MHIST_adl.png,HP,3,train
MHIST_adm.png,HP,3,train
MHIST_adn.png,HP,2,train
MHIST_adp.png,HP,0,train
MHIST_adq.png,HP,1,train
MHIST_adr.png,SSA,6,train
MHIST_ads.png,HP,0,train
MHIST_adt.png,HP,0,train
MHIST_adv.png,HP,0,train
MHIST_adw.png,HP,0,train
MHIST_adz.png,HP,2,train
MHIST_aea.png,HP,2,train
MHIST_aef.png,HP,2,train
MHIST_aeg.png,HP,2,train
MHIST_ael.png,HP,1,train
MHIST_aem.png,HP,1,train
MHIST_aen.png,SSA,4,train
MHIST_aeo.png,HP,1,train
MHIST_aer.png,HP,0,train
MHIST_aeu.png,HP,1,train
MHIST_aev.png,HP,0,train
MHIST_aew.png,HP,1,train
MHIST_aex.png,HP,1,train
MHIST_aey.png,HP,2,train
MHIST_afa.png,HP,2,train
MHIST_afb.png,HP,3,train
MHIST_afd.png,HP,1,train
MHIST_afe.png,HP,1,train
MHIST_afh.png,HP,0,train
MHIST_afi.png,SSA,4,train
MHIST_afj.png,HP,1,train
MHIST_afl.png,HP,0,train
MHIST_afp.png,HP,1,train
MHIST_afq.png,SSA,6,train
MHIST_afr.png,HP,1,train
MHIST_aft.png,SSA,6,train
MHIST_afu.png,HP,1,train
MHIST_afv.png,HP,3,train
MHIST_afw.png,HP,1,train
MHIST_afx.png,HP,1,train
MHIST_afy.png,HP,1,train
MHIST_afz.png,HP,0,train
MHIST_aga.png,HP,1,train
MHIST_agc.png,HP,2,train
MHIST_agg.png,HP,2,train
MHIST_agl.png,HP,2,train
MHIST_agm.png,HP,2,train
MHIST_agn.png,HP,1,train
MHIST_ago.png,HP,2,train
MHIST_agp.png,HP,3,train
MHIST_agq.png,HP,1,train
MHIST_agr.png,HP,1,train
MHIST_agt.png,HP,1,train
MHIST_agv.png,HP,1,train
MHIST_agw.png,HP,1,train
MHIST_agx.png,HP,1,train
MHIST_agz.png,HP,1,train
MHIST_ahe.png,HP,0,train
MHIST_ahf.png,HP,0,train
MHIST_ahg.png,HP,0,train
MHIST_ahh.png,SSA,5,train
MHIST_ahi.png,HP,1,train
MHIST_ahj.png,HP,2,train
MHIST_ahm.png,HP,2,train
MHIST_ahn.png,HP,1,train
MHIST_ahp.png,HP,0,train
MHIST_ahs.png,HP,0,train
MHIST_aht.png,HP,0,train
MHIST_ahv.png,HP,3,train
MHIST_ahx.png,HP,1,train
MHIST_ahy.png,HP,1,train
MHIST_aia.png,SSA,5,train
MHIST_aib.png,HP,1,train
MHIST_aic.png,HP,3,train
MHIST_aid.png,HP,1,train
MHIST_aig.png,HP,1,train
MHIST_aih.png,SSA,4,train
MHIST_aii.png,HP,2,train
MHIST_aik.png,HP,3,train
MHIST_aio.png,HP,1,train
MHIST_air.png,HP,0,train
MHIST_ait.png,HP,2,train
MHIST_aiv.png,HP,0,train
MHIST_aiw.png,HP,3,train
MHIST_aix.png,HP,1,train
MHIST_aiy.png,HP,1,train
MHIST_aiz.png,HP,1,train
MHIST_aja.png,HP,3,train
MHIST_ajb.png,HP,2,train
MHIST_aje.png,HP,2,train
MHIST_ajg.png,HP,2,train
MHIST_ajh.png,HP,2,train
MHIST_ajj.png,HP,0,train
MHIST_ajk.png,SSA,4,train
MHIST_ajl.png,HP,0,train
MHIST_ajm.png,HP,0,train
MHIST_ajq.png,HP,3,train
MHIST_ajs.png,HP,1,train
MHIST_ajt.png,HP,1,train
MHIST_ajv.png,HP,1,train
MHIST_ajw.png,SSA,4,train
MHIST_ajx.png,SSA,4,train
MHIST_aka.png,HP,1,train
MHIST_akb.png,HP,3,train
MHIST_akf.png,HP,2,train
MHIST_akg.png,HP,1,train
MHIST_akj.png,HP,0,train
MHIST_ako.png,HP,2,train
MHIST_aks.png,SSA,4,train
MHIST_akt.png,HP,1,train
MHIST_aku.png,HP,1,train
MHIST_akw.png,SSA,4,train
MHIST_akz.png,HP,1,train
MHIST_alb.png,HP,1,train
MHIST_ald.png,HP,0,train
MHIST_alf.png,HP,0,train
MHIST_alj.png,HP,1,train
MHIST_alk.png,HP,0,train
MHIST_all.png,HP,3,train
MHIST_alm.png,HP,0,train
MHIST_alp.png,HP,0,train
MHIST_alq.png,HP,3,train
MHIST_alu.png,HP,3,train
MHIST_alx.png,HP,0,train
MHIST_aly.png,HP,2,train
MHIST_alz.png,HP,0,train
MHIST_ama.png,HP,0,train
MHIST_amb.png,HP,2,train
MHIST_amc.png,HP,3,train
MHIST_amd.png,HP,1,train
MHIST_amf.png,HP,3,train
MHIST_amh.png,HP,0,train
MHIST_amk.png,HP,0,train
MHIST_aml.png,HP,0,train
MHIST_amn.png,HP,0,train
MHIST_amp.png,HP,2,train
MHIST_amr.png,HP,2,train
MHIST_ams.png,HP,1,train
MHIST_amt.png,HP,3,train
MHIST_amu.png,HP,2,train
MHIST_amx.png,HP,1,train
MHIST_amy.png,HP,2,train
MHIST_anb.png,HP,0,train
MHIST_anf.png,HP,0,train
MHIST_ang.png,HP,1,train
MHIST_anh.png,SSA,4,train
MHIST_ani.png,HP,1,train
MHIST_anj.png,HP,0,train
MHIST_anl.png,HP,0,train
MHIST_anq.png,HP,0,train
MHIST_anu.png,HP,1,train
MHIST_anv.png,HP,0,train
MHIST_any.png,HP,0,train
MHIST_aoa.png,HP,0,train
MHIST_aob.png,HP,1,train
MHIST_aoe.png,HP,1,train
MHIST_aof.png,HP,0,train
MHIST_aok.png,HP,0,train
MHIST_aom.png,HP,1,train
MHIST_aon.png,HP,1,train
MHIST_aoq.png,HP,0,train
MHIST_aos.png,HP,0,train
MHIST_aot.png,HP,2,train
MHIST_aou.png,HP,0,train
MHIST_aov.png,HP,1,train
MHIST_aox.png,HP,2,train
MHIST_aoy.png,HP,0,train
MHIST_aoz.png,HP,1,train
MHIST_apb.png,HP,1,train
MHIST_apd.png,HP,0,train
MHIST_ape.png,HP,1,train
MHIST_apf.png,HP,0,train
MHIST_apg.png,HP,3,train
MHIST_aph.png,HP,3,train
MHIST_api.png,HP,1,train
MHIST_apj.png,HP,3,train
MHIST_apl.png,HP,2,train
MHIST_apo.png,HP,3,train
MHIST_app.png,HP,0,train
MHIST_apq.png,HP,2,train
MHIST_apr.png,HP,1,train
MHIST_apx.png,HP,1,train
MHIST_apy.png,HP,3,train
MHIST_apz.png,SSA,5,train
MHIST_aqa.png,HP,1,train
MHIST_aqc.png,HP,1,train
MHIST_aqe.png,HP,0,train
MHIST_aqg.png,HP,2,train
MHIST_aql.png,HP,3,train
MHIST_aqn.png,HP,2,train
MHIST_aqo.png,HP,2,train
MHIST_aqq.png,HP,2,train
MHIST_aqt.png,HP,0,train
MHIST_aqu.png,HP,3,train
MHIST_aqw.png,HP,3,train
MHIST_aqx.png,SSA,5,train
MHIST_aqz.png,HP,3,train
MHIST_ara.png,HP,3,train
MHIST_arb.png,HP,2,train
MHIST_arc.png,HP,1,train
MHIST_ard.png,SSA,5,train
MHIST_are.png,HP,1,train
MHIST_arg.png,HP,1,train
MHIST_arh.png,HP,0,train
MHIST_ari.png,HP,0,train
MHIST_arj.png,HP,0,train
MHIST_ark.png,HP,2,train
MHIST_arl.png,HP,2,train
MHIST_arm.png,HP,1,train
MHIST_aro.png,HP,0,train
MHIST_arr.png,HP,1,train
MHIST_ars.png,SSA,4,train
MHIST_art.png,HP,2,train
MHIST_aru.png,HP,1,train
MHIST_arv.png,HP,3,train
MHIST_arx.png,HP,0,train
MHIST_ary.png,HP,0,train
MHIST_arz.png,HP,2,train
MHIST_asf.png,HP,2,train
MHIST_asj.png,HP,1,train
MHIST_ask.png,HP,0,train
MHIST_asl.png,HP,3,train
MHIST_asm.png,HP,1,train
MHIST_asn.png,HP,0,train
MHIST_asp.png,HP,1,train
MHIST_asq.png,HP,2,train
MHIST_asr.png,HP,1,train
MHIST_ass.png,HP,1,train
MHIST_ast.png,HP,2,train
MHIST_asv.png,HP,2,train
MHIST_asy.png,HP,0,train
MHIST_atc.png,HP,1,train
MHIST_atf.png,HP,3,train
MHIST_atg.png,HP,1,train
MHIST_ati.png,HP,1,train
MHIST_atl.png,HP,1,train
MHIST_atm.png,HP,3,train
MHIST_atp.png,HP,1,train
MHIST_atr.png,HP,0,train
MHIST_ats.png,HP,0,train
MHIST_att.png,HP,0,train
MHIST_atv.png,HP,1,train
MHIST_atw.png,HP,2,train
MHIST_atx.png,HP,3,train
MHIST_atz.png,HP,2,train
MHIST_aud.png,HP,0,train
MHIST_aue.png,HP,0,train
MHIST_auf.png,HP,1,train
MHIST_aui.png,SSA,5,train
MHIST_auj.png,HP,0,train
MHIST_aul.png,HP,0,train
MHIST_aum.png,HP,2,train
MHIST_aun.png,HP,1,train
MHIST_auo.png,HP,0,train
MHIST_aup.png,HP,0,train
MHIST_aur.png,HP,0,train
MHIST_auv.png,SSA,4,train
MHIST_auz.png,HP,0,train
MHIST_ava.png,HP,0,train
MHIST_avb.png,HP,0,train
MHIST_avc.png,HP,0,train
MHIST_avh.png,SSA,4,train
MHIST_avi.png,SSA,5,train
MHIST_avj.png,HP,0,train
MHIST_avk.png,HP,1,train
MHIST_avl.png,HP,0,train
MHIST_avm.png,HP,0,train
MHIST_avn.png,HP,0,train
MHIST_avo.png,HP,1,train
MHIST_avq.png,SSA,4,train
MHIST_avs.png,HP,2,train
MHIST_avt.png,HP,1,train
MHIST_avu.png,HP,0,train
MHIST_avy.png,HP,3,train
MHIST_awa.png,HP,1,train
MHIST_awb.png,HP,2,train
MHIST_awc.png,HP,0,train
MHIST_awd.png,HP,2,train
MHIST_awe.png,HP,0,train
MHIST_awf.png,HP,2,train
MHIST_awi.png,HP,2,train
MHIST_awl.png,HP,2,train
MHIST_awp.png,HP,3,train
MHIST_awq.png,HP,3,train
MHIST_aws.png,HP,0,train
MHIST_awt.png,HP,0,train
MHIST_awv.png,HP,0,train
MHIST_awx.png,HP,0,train
MHIST_awy.png,HP,2,train
MHIST_axe.png,HP,3,train
MHIST_axf.png,HP,0,train
MHIST_axi.png,HP,0,train
MHIST_axk.png,HP,0,train
MHIST_axl.png,HP,2,train
MHIST_axn.png,HP,2,train
MHIST_axo.png,HP,0,train
MHIST_axq.png,HP,3,train
MHIST_axr.png,HP,1,train
MHIST_axs.png,HP,2,train
MHIST_axt.png,HP,2,train
MHIST_axu.png,HP,0,train
MHIST_axw.png,HP,1,train
MHIST_axx.png,HP,1,train
MHIST_axy.png,HP,2,train
MHIST_axz.png,HP,1,train
MHIST_ayb.png,HP,2,train
MHIST_ayd.png,HP,0,train
MHIST_ayg.png,HP,1,train
MHIST_ayi.png,HP,2,train
MHIST_ayj.png,HP,3,train
MHIST_ayk.png,HP,0,train
MHIST_ayl.png,HP,0,train
MHIST_aym.png,HP,0,train
MHIST_ayp.png,HP,0,train
MHIST_ayr.png,HP,1,train
MHIST_ayt.png,HP,0,train
MHIST_ayu.png,HP,1,train
MHIST_ayx.png,HP,2,train
MHIST_aza.png,HP,0,train
MHIST_azb.png,HP,3,train
MHIST_azc.png,HP,0,train
MHIST_azd.png,HP,0,train
MHIST_azg.png,HP,0,train
MHIST_azh.png,HP,0,train
MHIST_azi.png,HP,0,train
MHIST_azk.png,HP,3,train
MHIST_azr.png,HP,1,train
MHIST_azs.png,HP,0,train
MHIST_azt.png,HP,0,train
MHIST_azv.png,HP,0,train
MHIST_azw.png,HP,0,train
MHIST_azy.png,HP,1,train
MHIST_baa.png,HP,1,train
MHIST_bab.png,HP,1,train
MHIST_bac.png,HP,1,train
MHIST_bad.png,HP,2,train
MHIST_bah.png,HP,0,train
MHIST_bai.png,HP,0,train
MHIST_baj.png,HP,0,train
MHIST_bak.png,HP,0,train
MHIST_baq.png,HP,2,train
MHIST_bar.png,HP,1,train
MHIST_bat.png,HP,3,train
MHIST_bau.png,HP,2,train
MHIST_bay.png,HP,0,train
MHIST_bba.png,HP,0,train
MHIST_bbb.png,HP,0,train
MHIST_bbc.png,HP,1,train
MHIST_bbd.png,SSA,4,train
MHIST_bbj.png,HP,3,train
MHIST_bbk.png,HP,2,train
MHIST_bbo.png,HP,1,train
MHIST_bbp.png,HP,1,train
MHIST_bbq.png,HP,0,train
MHIST_bbu.png,HP,1,train
MHIST_bbv.png,HP,1,train
MHIST_bby.png,HP,1,train
MHIST_bbz.png,HP,3,train
MHIST_bca.png,HP,2,train
MHIST_bcb.png,SSA,4,train
MHIST_bcf.png,HP,1,train
MHIST_bcg.png,HP,1,train
MHIST_bch.png,HP,3,train
MHIST_bci.png,HP,2,train
MHIST_bcj.png,HP,1,train
MHIST_bck.png,HP,1,train
MHIST_bcm.png,HP,3,train
MHIST_bcp.png,HP,3,train
MHIST_bcq.png,HP,3,train
MHIST_bcs.png,HP,1,train
MHIST_bct.png,HP,0,train
MHIST_bcu.png,HP,1,train
MHIST_bcw.png,HP,0,train
MHIST_bcx.png,HP,2,train
MHIST_bde.png,HP,0,train
MHIST_bdf.png,HP,0,train
MHIST_bdg.png,HP,0,train
MHIST_bdi.png,HP,1,train
MHIST_bdj.png,HP,1,train
MHIST_bdk.png,HP,0,train
MHIST_bdm.png,HP,0,train
MHIST_bdn.png,HP,1,train
MHIST_bdq.png,HP,1,train
MHIST_bdr.png,HP,0,train
MHIST_bds.png,HP,0,train
MHIST_bdu.png,HP,1,train
MHIST_bdw.png,HP,0,train
MHIST_bdx.png,SSA,5,train
MHIST_bdy.png,HP,3,train
MHIST_bdz.png,HP,1,train
MHIST_bed.png,HP,0,train
MHIST_bef.png,HP,1,train
MHIST_beg.png,HP,2,train
MHIST_bei.png,SSA,4,train
MHIST_bek.png,HP,0,train
MHIST_bep.png,HP,3,train
MHIST_beq.png,HP,0,train
MHIST_bes.png,HP,2,train
MHIST_bet.png,HP,3,train
MHIST_bey.png,HP,1,train
MHIST_bfa.png,HP,2,train
MHIST_bfe.png,HP,0,train
MHIST_bfh.png,HP,2,train
MHIST_bfk.png,HP,1,train
MHIST_bfl.png,HP,1,train
MHIST_bfm.png,HP,1,train
MHIST_bfp.png,HP,2,train
MHIST_bfr.png,HP,0,train
MHIST_bfs.png,HP,0,train
MHIST_bft.png,SSA,5,train
MHIST_bgd.png,HP,1,train
MHIST_bgg.png,HP,0,train
MHIST_bgm.png,HP,0,train
MHIST_bgn.png,HP,2,train
MHIST_bgo.png,HP,0,train
MHIST_bgq.png,HP,0,train
MHIST_bgr.png,HP,1,train
MHIST_bgt.png,HP,0,train
MHIST_bgu.png,HP,1,train
MHIST_bgw.png,HP,2,train
MHIST_bgx.png,HP,0,train
MHIST_bha.png,HP,0,train
MHIST_bhb.png,HP,1,train
MHIST_bhc.png,HP,0,train
MHIST_bhd.png,HP,0,train
MHIST_bhe.png,HP,0,train
MHIST_bhf.png,HP,2,train
MHIST_bhg.png,HP,3,train
MHIST_bhh.png,HP,2,train
MHIST_bhi.png,HP,2,train
MHIST_bhj.png,HP,3,train
MHIST_bhm.png,HP,0,train
MHIST_bhp.png,HP,0,train
MHIST_bhr.png,HP,0,train
MHIST_bht.png,HP,0,train
MHIST_bhz.png,HP,0,train
MHIST_bia.png,HP,0,train
MHIST_bic.png,HP,1,train
MHIST_bid.png,HP,1,train
MHIST_big.png,SSA,5,train
MHIST_bik.png,HP,0,train
MHIST_biq.png,HP,1,train
MHIST_bir.png,HP,3,train
MHIST_bis.png,HP,1,train
MHIST_bit.png,SSA,4,train
MHIST_biv.png,HP,2,train
MHIST_bjb.png,HP,1,train
MHIST_bjc.png,HP,3,train
MHIST_bjf.png,HP,0,train
MHIST_bjg.png,HP,1,train
MHIST_bji.png,SSA,4,train
MHIST_bjj.png,HP,0,train
MHIST_bjk.png,HP,0,train
MHIST_bjl.png,HP,0,train
MHIST_bjn.png,HP,0,train
MHIST_bjo.png,HP,3,train
MHIST_bjq.png,HP,3,train
MHIST_bju.png,HP,2,train
MHIST_bjv.png,HP,1,train
MHIST_bjw.png,HP,2,train
MHIST_bjy.png,HP,1,train
MHIST_bjz.png,HP,0,train
MHIST_bkc.png,SSA,4,train
MHIST_bkf.png,HP,3,train
MHIST_bkg.png,SSA,4,train
MHIST_bki.png,HP,2,train
MHIST_bkm.png,HP,1,train
MHIST_bkn.png,HP,1,train
MHIST_bkq.png,HP,3,train
MHIST_bkr.png,HP,2,train
MHIST_bkw.png,HP,0,train
MHIST_bkx.png,HP,0,train
MHIST_bkz.png,HP,1,train
MHIST_bla.png,HP,1,train
MHIST_blb.png,HP,1,train
MHIST_blh.png,SSA,4,train
MHIST_bli.png,HP,0,train
MHIST_blk.png,HP,0,train
MHIST_bll.png,HP,0,train
MHIST_blp.png,HP,3,train
MHIST_blq.png,HP,2,train
MHIST_bls.png,HP,3,train
MHIST_blx.png,HP,0,train
MHIST_bmb.png,SSA,4,train
MHIST_bme.png,HP,1,train
MHIST_bmf.png,HP,1,train
MHIST_bmi.png,HP,0,train
MHIST_bmj.png,HP,2,train
MHIST_bmk.png,HP,1,train
MHIST_bml.png,HP,0,train
MHIST_bmm.png,HP,1,train
MHIST_bmo.png,HP,0,train
MHIST_bmq.png,SSA,4,train
MHIST_bmr.png,HP,2,train
MHIST_bmu.png,HP,3,train
MHIST_bmx.png,HP,0,train
MHIST_bmz.png,HP,1,train
MHIST_bna.png,HP,1,train
MHIST_bng.png,HP,2,train
MHIST_bnh.png,HP,1,train
MHIST_bni.png,SSA,4,train
MHIST_bnk.png,SSA,6,train
MHIST_bno.png,HP,1,train
MHIST_bns.png,HP,0,train
MHIST_bnt.png,HP,3,train
MHIST_bnu.png,HP,1,train
MHIST_bnx.png,SSA,4,train
MHIST_bny.png,SSA,4,train
MHIST_bnz.png,HP,1,train
MHIST_bob.png,HP,2,train
MHIST_boc.png,HP,2,train
MHIST_bog.png,HP,1,train
MHIST_boh.png,HP,1,train
MHIST_boi.png,SSA,5,train
MHIST_boj.png,HP,3,train
MHIST_bok.png,SSA,4,train
MHIST_bol.png,HP,3,train
MHIST_bom.png,HP,2,train
MHIST_boq.png,HP,1,train
MHIST_bou.png,HP,0,train
MHIST_box.png,HP,2,train
MHIST_bpc.png,HP,2,train
MHIST_bpe.png,HP,1,train
MHIST_bpf.png,SSA,5,train
MHIST_bpi.png,HP,0,train
MHIST_bpm.png,HP,1,train
MHIST_bpq.png,HP,0,train
MHIST_bpr.png,HP,3,train
MHIST_bpt.png,HP,2,train
MHIST_bpv.png,HP,1,train
MHIST_bpw.png,HP,2,train
MHIST_bpy.png,HP,3,train
MHIST_bqa.png,HP,0,train
MHIST_bqd.png,HP,0,train
MHIST_bqf.png,HP,0,train
MHIST_bqj.png,HP,0,train
MHIST_bqm.png,HP,2,train
MHIST_bqo.png,HP,0,train
MHIST_bqp.png,HP,0,train
MHIST_bqq.png,HP,3,train
MHIST_bqt.png,HP,2,train
MHIST_bqu.png,HP,2,train
MHIST_bqw.png,HP,0,train
MHIST_bqx.png,HP,0,train
MHIST_bqy.png,HP,1,train
MHIST_bqz.png,SSA,4,train
MHIST_bra.png,HP,1,train
MHIST_brb.png,SSA,4,train
MHIST_brc.png,HP,2,train
MHIST_brd.png,HP,1,train
MHIST_brf.png,HP,0,train
MHIST_brg.png,HP,0,train
MHIST_brh.png,HP,0,train
MHIST_bri.png,HP,0,train
MHIST_brj.png,HP,0,train
MHIST_brk.png,HP,0,train
MHIST_brm.png,HP,1,train
MHIST_brn.png,HP,1,train
MHIST_brq.png,HP,1,train
MHIST_bry.png,HP,0,train
MHIST_brz.png,HP,0,train
MHIST_bsb.png,HP,1,train
MHIST_bsg.png,HP,1,train
MHIST_bsi.png,HP,2,train
MHIST_bsl.png,HP,0,train
MHIST_bsm.png,SSA,4,train
MHIST_bsn.png,HP,0,train
MHIST_bso.png,HP,3,train
MHIST_bsp.png,HP,0,train
MHIST_bst.png,HP,2,train
MHIST_bsv.png,HP,1,train
MHIST_bsw.png,SSA,5,train
MHIST_btc.png,HP,2,train
MHIST_btd.png,HP,1,train
MHIST_bte.png,HP,2,train
MHIST_btg.png,HP,3,train
MHIST_bti.png,HP,0,train
MHIST_btj.png,HP,3,train
MHIST_btn.png,HP,0,train
MHIST_bto.png,HP,3,train
MHIST_btp.png,SSA,4,train
MHIST_btq.png,HP,1,train
MHIST_bts.png,HP,1,train
MHIST_btv.png,HP,2,train
MHIST_btw.png,HP,2,train
MHIST_btx.png,HP,2,train
MHIST_bua.png,HP,3,train
MHIST_buc.png,HP,2,train
MHIST_buf.png,SSA,4,train
MHIST_bui.png,HP,0,train
MHIST_buk.png,SSA,4,train
MHIST_bul.png,HP,0,train
MHIST_bun.png,HP,1,train
MHIST_bup.png,SSA,5,train
MHIST_buq.png,HP,2,train
MHIST_bus.png,HP,1,train
MHIST_but.png,HP,2,train
MHIST_buu.png,HP,1,train
MHIST_buw.png,HP,1,train
MHIST_buy.png,HP,1,train
MHIST_buz.png,HP,0,train
MHIST_bvd.png,HP,1,train
MHIST_bve.png,HP,0,train
MHIST_bvf.png,HP,0,train
MHIST_bvg.png,SSA,4,train
MHIST_bvh.png,SSA,4,train
MHIST_bvi.png,HP,1,train
MHIST_bvm.png,HP,1,train
MHIST_bvo.png,HP,1,train
MHIST_bvr.png,HP,3,train
MHIST_bvs.png,HP,2,train
MHIST_bvt.png,HP,1,train
MHIST_bvw.png,HP,2,train
MHIST_bwb.png,HP,2,train
MHIST_bwd.png,HP,2,train
MHIST_bwe.png,HP,2,train
MHIST_bwf.png,HP,0,train
MHIST_bwi.png,SSA,5,train
MHIST_bwj.png,HP,3,train
MHIST_bwk.png,HP,1,train
MHIST_bwm.png,HP,1,train
MHIST_bwn.png,HP,1,train
MHIST_bwp.png,HP,2,train
MHIST_bwq.png,HP,1,train
MHIST_bwr.png,HP,0,train
MHIST_bwv.png,HP,0,train
MHIST_bwx.png,SSA,5,train
MHIST_bwy.png,HP,1,train
MHIST_bxa.png,HP,1,train
MHIST_bxd.png,HP,1,train
MHIST_bxh.png,HP,2,train
MHIST_bxj.png,HP,0,train
MHIST_bxl.png,HP,3,train
MHIST_bxm.png,HP,0,train
MHIST_bxn.png,HP,0,train
MHIST_bxp.png,HP,2,train
MHIST_bxs.png,SSA,5,train
MHIST_bxt.png,HP,3,train
MHIST_bxw.png,HP,2,train
MHIST_byc.png,HP,1,train
MHIST_byd.png,HP,1,train
MHIST_bye.png,HP,1,train
MHIST_byj.png,HP,3,train
MHIST_byn.png,HP,3,train
MHIST_byo.png,HP,1,train
MHIST_byp.png,HP,1,train
MHIST_bys.png,HP,1,train
MHIST_byt.png,HP,2,train
MHIST_byv.png,HP,1,train
MHIST_byx.png,HP,1,train
MHIST_bzb.png,HP,3,train
MHIST_bzd.png,HP,0,train
MHIST_bzf.png,SSA,4,train
MHIST_bzg.png,HP,0,train
MHIST_bzj.png,HP,1,train
MHIST_bzo.png,HP,2,train
MHIST_bzp.png,HP,0,train
MHIST_bzq.png,HP,0,train
MHIST_bzt.png,HP,0,train
MHIST_bzv.png,HP,3,train
MHIST_bzx.png,HP,3,train
MHIST_bzy.png,HP,1,train
MHIST_bzz.png,HP,2,train
MHIST_cae.png,HP,2,train
MHIST_cah.png,HP,0,train
MHIST_caj.png,SSA,6,train
MHIST_cak.png,HP,1,train
MHIST_cal.png,HP,3,train
MHIST_can.png,HP,0,train
MHIST_caq.png,HP,1,train
MHIST_cas.png,HP,1,train
MHIST_cav.png,HP,0,train
MHIST_caw.png,HP,1,train
MHIST_cay.png,SSA,4,train
MHIST_caz.png,HP,0,train
MHIST_cba.png,HP,0,train
MHIST_cbd.png,HP,0,train
MHIST_cbe.png,SSA,5,train
MHIST_cbf.png,HP,0,train
MHIST_cbh.png,SSA,4,train
MHIST_cbi.png,HP,1,train
MHIST_cbk.png,HP,1,train
MHIST_cbm.png,HP,0,train
MHIST_cbn.png,HP,0,train
MHIST_cbp.png,HP,1,train
MHIST_cbr.png,HP,0,train
MHIST_cbs.png,HP,0,train
MHIST_cbt.png,HP,1,train
MHIST_cbv.png,SSA,5,train
MHIST_cbw.png,HP,2,train
MHIST_cby.png,HP,0,train
MHIST_cbz.png,HP,0,train
MHIST_cca.png,HP,1,train
MHIST_ccb.png,HP,2,train
MHIST_ccc.png,SSA,6,train
MHIST_ccg.png,HP,1,train
MHIST_cch.png,HP,3,train
MHIST_cci.png,HP,0,train
MHIST_ccj.png,HP,1,train
MHIST_cck.png,HP,0,train
MHIST_ccl.png,HP,1,train
MHIST_ccp.png,HP,0,train
MHIST_ccq.png,HP,0,train
MHIST_ccs.png,SSA,4,train
MHIST_ccv.png,HP,1,train
MHIST_ccw.png,HP,0,train
MHIST_ccx.png,HP,0,train
MHIST_ccy.png,HP,0,train
MHIST_ccz.png,HP,2,train
MHIST_cda.png,HP,0,train
MHIST_cdb.png,HP,0,train
MHIST_cdc.png,HP,1,train
MHIST_cdg.png,HP,1,train
MHIST_cdh.png,HP,2,train
MHIST_cdi.png,HP,3,train
MHIST_cdj.png,HP,3,train
MHIST_cdl.png,HP,1,train
MHIST_cdm.png,HP,1,train
MHIST_cdq.png,HP,0,train
MHIST_cds.png,SSA,4,train
MHIST_cdt.png,HP,0,train
MHIST_cdv.png,HP,3,train
MHIST_cdx.png,HP,2,train
MHIST_cdz.png,SSA,6,train
MHIST_cea.png,HP,2,train
MHIST_cec.png,HP,1,train
MHIST_ced.png,SSA,5,train
MHIST_cee.png,HP,0,train
MHIST_cef.png,HP,1,train
MHIST_ceg.png,HP,3,train
MHIST_ceh.png,HP,3,train
MHIST_cej.png,HP,3,train
MHIST_cen.png,HP,3,train
MHIST_cep.png,HP,3,train
MHIST_ceq.png,SSA,4,train
MHIST_cer.png,HP,2,train
MHIST_cet.png,HP,3,train
MHIST_cex.png,HP,1,train
MHIST_cey.png,HP,1,train
MHIST_cfa.png,HP,1,train
MHIST_cfe.png,HP,1,train
MHIST_cff.png,HP,2,train
MHIST_cfh.png,HP,0,train
MHIST_cfj.png,HP,1,train
MHIST_cfk.png,SSA,6,train
MHIST_cfl.png,HP,0,train
MHIST_cfm.png,HP,0,train
MHIST_cfo.png,SSA,5,train
MHIST_cfp.png,HP,2,train
MHIST_cfr.png,HP,2,train
MHIST_cfs.png,HP,3,train
MHIST_cft.png,SSA,4,train
MHIST_cfv.png,HP,2,train
MHIST_cfw.png,HP,2,train
MHIST_cfz.png,SSA,4,train
MHIST_cga.png,HP,1,train
MHIST_cgc.png,HP,3,train
MHIST_cge.png,HP,3,train
MHIST_cgg.png,HP,1,train
MHIST_cgh.png,HP,1,train
MHIST_cgj.png,HP,0,train
MHIST_cgl.png,HP,0,train
MHIST_cgm.png,HP,1,train
MHIST_cgn.png,HP,0,train
MHIST_cgq.png,HP,1,train
MHIST_cgr.png,HP,2,train
MHIST_cgv.png,HP,3,train
MHIST_cgy.png,HP,1,train
MHIST_cgz.png,SSA,4,train
MHIST_chb.png,HP,0,train
MHIST_chc.png,HP,2,train
MHIST_chf.png,SSA,4,train
MHIST_chh.png,HP,3,train
MHIST_chi.png,HP,2,train
MHIST_chj.png,HP,1,train
MHIST_chk.png,HP,3,train
MHIST_chm.png,HP,3,train
MHIST_chn.png,SSA,4,train
MHIST_cho.png,HP,2,train
MHIST_chq.png,HP,2,train
MHIST_chu.png,HP,2,train
MHIST_chw.png,HP,0,train
MHIST_chx.png,HP,1,train
MHIST_chy.png,HP,1,train
MHIST_cib.png,HP,0,train
MHIST_cif.png,HP,2,train
MHIST_cig.png,HP,0,train
MHIST_cih.png,HP,1,train
MHIST_cii.png,HP,1,train
MHIST_cij.png,HP,2,train
MHIST_cik.png,HP,3,train
MHIST_cil.png,HP,2,train
MHIST_cin.png,HP,1,train
MHIST_cip.png,HP,0,train
MHIST_ciq.png,HP,1,train
MHIST_cir.png,HP,1,train
MHIST_cis.png,HP,0,train
MHIST_cit.png,HP,2,train
MHIST_civ.png,HP,0,train
MHIST_cix.png,SSA,4,train
MHIST_ciy.png,HP,1,train
MHIST_ciz.png,HP,3,train
MHIST_cjb.png,HP,1,train
MHIST_cjd.png,HP,1,train
MHIST_cjg.png,HP,1,train
MHIST_cjh.png,HP,0,train
MHIST_cjj.png,HP,1,train
MHIST_cjm.png,HP,0,train
MHIST_cjp.png,HP,1,train
MHIST_cju.png,HP,1,train
MHIST_cjw.png,HP,2,train
MHIST_cjx.png,SSA,4,train
MHIST_cjy.png,HP,0,train
MHIST_cjz.png,HP,0,train
MHIST_cka.png,HP,2,train
MHIST_ckb.png,HP,1,train
MHIST_ckd.png,HP,1,train
MHIST_cke.png,HP,1,train
MHIST_ckg.png,SSA,4,train
MHIST_ckj.png,HP,0,train
MHIST_ckk.png,HP,1,train
MHIST_ckm.png,HP,0,train
MHIST_cko.png,HP,0,train
MHIST_ckp.png,HP,1,train
MHIST_ckq.png,SSA,4,train
MHIST_ckr.png,HP,1,train
MHIST_ckt.png,HP,3,train
MHIST_ckv.png,HP,2,train
MHIST_cky.png,HP,2,train
MHIST_ckz.png,HP,0,train
MHIST_clb.png,HP,1,train
MHIST_clc.png,SSA,4,train
MHIST_cle.png,HP,0,train
MHIST_cli.png,HP,3,train
MHIST_clj.png,HP,3,train
MHIST_clk.png,HP,0,train
MHIST_clm.png,HP,1,train
MHIST_clp.png,HP,2,train
MHIST_clq.png,HP,0,train
MHIST_clr.png,HP,1,train
MHIST_cls.png,HP,0,train
MHIST_clu.png,HP,1,train
MHIST_clv.png,HP,0,train
MHIST_cly.png,HP,2,train
MHIST_cmb.png,HP,0,train
MHIST_cme.png,HP,0,train
MHIST_cmk.png,HP,0,train
MHIST_cmm.png,HP,2,train
MHIST_cmp.png,SSA,4,train
MHIST_cmq.png,HP,2,train
MHIST_cmr.png,HP,3,train
MHIST_cmu.png,HP,0,train
MHIST_cmv.png,HP,1,train
MHIST_cmx.png,HP,0,train
MHIST_cna.png,HP,1,train
MHIST_cnd.png,HP,1,train
MHIST_cnf.png,HP,3,train
MHIST_cnj.png,HP,1,train
MHIST_cnl.png,HP,1,train
MHIST_cno.png,HP,1,train
MHIST_cnq.png,HP,1,train
MHIST_cnu.png,SSA,6,train
MHIST_coa.png,HP,2,train
MHIST_cob.png,HP,2,train
MHIST_coe.png,HP,2,train
MHIST_cof.png,HP,0,train
MHIST_cog.png,HP,1,train
MHIST_coi.png,HP,1,train
MHIST_col.png,HP,0,train
MHIST_com.png,HP,0,train
MHIST_coo.png,HP,1,train
MHIST_cop.png,HP,0,train
MHIST_cos.png,HP,2,train
MHIST_cou.png,HP,0,train
MHIST_cow.png,HP,0,train
MHIST_coz.png,HP,0,train
MHIST_cpa.png,HP,2,train
MHIST_cpb.png,HP,2,train
MHIST_cpf.png,HP,3,train
MHIST_cpg.png,SSA,5,train
MHIST_cpj.png,HP,1,train
MHIST_cpl.png,HP,3,train
MHIST_cpp.png,HP,1,train
MHIST_cpv.png,HP,2,train
MHIST_cpx.png,SSA,5,train
MHIST_cqd.png,HP,1,train
MHIST_cqe.png,HP,0,train
MHIST_cqf.png,SSA,4,train
MHIST_cqh.png,HP,1,train
MHIST_cqk.png,HP,2,train
MHIST_cqm.png,HP,1,train
MHIST_cqo.png,HP,1,train
MHIST_cqx.png,SSA,6,train
MHIST_crb.png,HP,2,train
MHIST_crc.png,SSA,5,train
MHIST_cri.png,HP,1,train
MHIST_crj.png,HP,1,train
MHIST_crn.png,HP,2,train
MHIST_cro.png,HP,0,train
MHIST_crq.png,HP,2,train
MHIST_crr.png,HP,2,train
MHIST_crv.png,HP,2,train
MHIST_cry.png,HP,3,train
MHIST_crz.png,HP,1,train
MHIST_csf.png,HP,1,train
MHIST_csg.png,HP,3,train
MHIST_csl.png,HP,1,train
MHIST_csm.png,HP,1,train
MHIST_csp.png,HP,1,train
MHIST_csr.png,SSA,4,train
MHIST_css.png,SSA,4,train
MHIST_csu.png,HP,1,train
MHIST_csv.png,HP,1,train
MHIST_csx.png,HP,1,train
MHIST_csy.png,SSA,4,train
MHIST_csz.png,HP,1,train
MHIST_cta.png,HP,0,train
MHIST_ctd.png,HP,1,train
MHIST_cth.png,HP,0,train
MHIST_ctj.png,HP,0,train
MHIST_ctl.png,HP,3,train
MHIST_ctm.png,HP,1,train
MHIST_ctn.png,HP,0,train
MHIST_ctp.png,HP,2,train
MHIST_ctu.png,HP,0,train
MHIST_ctv.png,HP,0,train
MHIST_ctz.png,HP,0,train
MHIST_cuc.png,HP,0,train
MHIST_cud.png,HP,1,train
MHIST_cue.png,HP,0,train
MHIST_cuf.png,HP,0,train
MHIST_cug.png,HP,0,train
MHIST_cuh.png,HP,0,train
MHIST_cuj.png,HP,1,train
MHIST_cuk.png,HP,0,train
MHIST_cul.png,HP,1,train
MHIST_cum.png,HP,0,train
MHIST_cun.png,HP,1,train
MHIST_cuo.png,HP,1,train
MHIST_cur.png,HP,3,train
MHIST_cut.png,HP,0,train
MHIST_cuv.png,SSA,5,train
MHIST_cuw.png,SSA,4,train
MHIST_cux.png,HP,0,train
MHIST_cuz.png,HP,2,train
MHIST_cva.png,HP,1,train
MHIST_cvc.png,HP,0,train
MHIST_cvf.png,HP,0,train
MHIST_cvg.png,HP,0,train
MHIST_cvi.png,HP,1,train
MHIST_cvj.png,HP,1,train
MHIST_cvk.png,HP,3,train
MHIST_cvl.png,HP,2,train
MHIST_cvm.png,HP,2,train
MHIST_cvr.png,HP,1,train
MHIST_cvs.png,HP,0,train
MHIST_cvv.png,HP,2,train
MHIST_cvx.png,SSA,5,train
MHIST_cvy.png,HP,0,train
MHIST_cwa.png,HP,3,train
MHIST_cwc.png,HP,0,train
MHIST_cwd.png,HP,3,train
MHIST_cwe.png,HP,2,train
MHIST_cwg.png,HP,0,train
MHIST_cwh.png,SSA,4,train
MHIST_cwi.png,HP,1,train
MHIST_cwj.png,HP,1,train
MHIST_cwl.png,HP,1,train
MHIST_cwm.png,HP,3,train
MHIST_cwo.png,HP,2,train
MHIST_cwp.png,HP,0,train
MHIST_cws.png,SSA,6,train
MHIST_cwu.png,HP,0,train
MHIST_cwv.png,HP,2,train
MHIST_cwx.png,HP,2,train
MHIST_cwy.png,HP,0,train
MHIST_cxb.png,HP,1,train
MHIST_cxc.png,HP,2,train
MHIST_cxg.png,HP,1,train
MHIST_cxh.png,HP,0,train
MHIST_cxi.png,HP,0,train
MHIST_cxk.png,HP,0,train
MHIST_cxl.png,HP,2,train
MHIST_cxm.png,HP,0,train
MHIST_cxn.png,HP,0,train
MHIST_cxo.png,HP,0,train
MHIST_cxs.png,HP,0,train
MHIST_cxt.png,HP,2,train
MHIST_cxv.png,HP,0,train
MHIST_cxy.png,SSA,4,train
MHIST_cxz.png,HP,0,train
MHIST_cya.png,HP,0,train
MHIST_cyc.png,HP,1,train
MHIST_cyd.png,HP,0,train
MHIST_cyg.png,HP,0,train
MHIST_cyh.png,HP,0,train
MHIST_cyi.png,HP,1,train
MHIST_cym.png,HP,2,train
MHIST_cyo.png,HP,3,train
MHIST_cyp.png,HP,0,train
MHIST_cyq.png,HP,1,train
MHIST_cyr.png,HP,2,train
MHIST_cys.png,HP,0,train
MHIST_cyt.png,SSA,4,train
MHIST_cyw.png,SSA,4,train
MHIST_cyy.png,HP,2,train
MHIST_cyz.png,HP,3,train
MHIST_czd.png,HP,0,train
MHIST_czf.png,HP,2,train
MHIST_czh.png,HP,0,train
MHIST_czi.png,HP,2,train
MHIST_czj.png,HP,3,train
MHIST_czk.png,HP,2,train
MHIST_czl.png,HP,1,train
MHIST_czm.png,HP,2,train
MHIST_czo.png,HP,2,train
MHIST_czp.png,HP,0,train
MHIST_czq.png,HP,0,train
MHIST_czt.png,HP,0,train
MHIST_czv.png,HP,1,train
MHIST_czw.png,HP,3,train
MHIST_czx.png,HP,2,train
MHIST_czy.png,HP,1,train
MHIST_czz.png,HP,1,train
MHIST_daa.png,HP,3,train
MHIST_dag.png,HP,2,train
MHIST_dai.png,HP,1,train
MHIST_daj.png,HP,1,train
MHIST_dap.png,HP,1,train
MHIST_das.png,HP,1,train
MHIST_dat.png,HP,1,train
MHIST_dau.png,HP,1,train
MHIST_day.png,HP,0,train
MHIST_daz.png,HP,0,train
MHIST_dbc.png,SSA,6,train
MHIST_dbd.png,HP,3,train
MHIST_dbg.png,HP,0,train
MHIST_dbi.png,SSA,5,train
MHIST_dbm.png,SSA,4,train
MHIST_dbn.png,HP,2,train
MHIST_dbo.png,HP,2,train
MHIST_dbp.png,HP,0,train
MHIST_dbq.png,HP,0,train
MHIST_dbs.png,SSA,5,train
MHIST_dbt.png,HP,0,train
MHIST_dbv.png,HP,0,train
MHIST_dbw.png,HP,2,train
MHIST_dbx.png,HP,1,train
MHIST_dby.png,HP,2,train
MHIST_dcb.png,HP,1,train
MHIST_dcd.png,HP,1,train
MHIST_dce.png,HP,1,train
MHIST_dch.png,HP,1,train
MHIST_dci.png,HP,3,train
MHIST_dcj.png,HP,2,train
MHIST_dck.png,HP,3,train
MHIST_dcl.png,HP,2,train
MHIST_dcn.png,HP,2,train
MHIST_dco.png,SSA,4,train
MHIST_dcq.png,HP,1,train
MHIST_dcr.png,HP,0,train
MHIST_dcs.png,HP,0,train
MHIST_dct.png,HP,0,train
MHIST_dcu.png,HP,0,train
MHIST_dcw.png,HP,2,train
MHIST_dcy.png,HP,2,train
MHIST_dcz.png,SSA,4,train
MHIST_dda.png,HP,1,train
MHIST_ddc.png,HP,2,train
MHIST_dde.png,HP,1,train
MHIST_ddh.png,HP,1,train
MHIST_ddl.png,HP,0,train
MHIST_ddm.png,HP,1,train
MHIST_ddp.png,HP,0,train
MHIST_ddq.png,HP,1,train
MHIST_dds.png,HP,0,train
MHIST_ddt.png,HP,0,train
MHIST_ddx.png,HP,1,train
MHIST_ddy.png,SSA,4,train
MHIST_ddz.png,HP,2,train
MHIST_dea.png,HP,0,train
MHIST_deb.png,HP,0,train
MHIST_ded.png,HP,3,train
MHIST_dee.png,HP,0,train
MHIST_deg.png,HP,3,train
MHIST_dek.png,SSA,4,train
MHIST_del.png,HP,0,train
MHIST_dem.png,HP,0,train
MHIST_deo.png,HP,0,train
MHIST_dep.png,HP,0,train
MHIST_des.png,HP,1,train
MHIST_det.png,HP,0,train
MHIST_deu.png,HP,2,train
MHIST_dex.png,SSA,4,train
MHIST_dez.png,HP,0,train
MHIST_dfa.png,HP,0,train
MHIST_dfd.png,HP,3,train
MHIST_dff.png,HP,1,train
MHIST_dfg.png,SSA,4,train
MHIST_dfh.png,HP,1,train
MHIST_dfj.png,HP,0,train
MHIST_dfo.png,HP,0,train
MHIST_dfq.png,HP,2,train
MHIST_dfs.png,HP,0,train
MHIST_dft.png,HP,1,train
MHIST_dfu.png,HP,1,train
MHIST_dfw.png,HP,3,train
MHIST_dfx.png,HP,1,train
MHIST_dga.png,HP,1,train
MHIST_dgb.png,HP,3,train
MHIST_dgd.png,HP,0,train
MHIST_dge.png,HP,0,train
MHIST_dgf.png,HP,0,train
MHIST_dgg.png,HP,0,train
MHIST_dgh.png,HP,0,train
MHIST_dgl.png,HP,2,train
MHIST_dgm.png,HP,0,train
MHIST_dgn.png,HP,1,train
MHIST_dgo.png,HP,0,train
MHIST_dgq.png,HP,3,train
MHIST_dgt.png,HP,1,train
MHIST_dgv.png,HP,1,train
MHIST_dgw.png,HP,2,train
MHIST_dgx.png,HP,1,train
MHIST_dgy.png,HP,0,train
MHIST_dhd.png,HP,2,train
MHIST_dhe.png,HP,0,train
MHIST_dhh.png,SSA,5,train
MHIST_dhi.png,HP,1,train
MHIST_dhj.png,HP,0,train
MHIST_dhk.png,HP,3,train
MHIST_dhm.png,HP,2,train
MHIST_dhn.png,HP,2,train
MHIST_dhp.png,HP,0,train
MHIST_dhq.png,HP,1,train
MHIST_dhv.png,HP,0,train
MHIST_dhy.png,HP,0,train
MHIST_die.png,HP,1,train
MHIST_dif.png,HP,0,train
MHIST_dig.png,HP,0,train
MHIST_dih.png,SSA,4,train
MHIST_dii.png,SSA,4,train
MHIST_dil.png,HP,1,train
MHIST_dim.png,HP,1,train
MHIST_din.png,HP,0,train
MHIST_dip.png,HP,3,train
MHIST_dis.png,HP,1,train
MHIST_dit.png,HP,1,train
MHIST_div.png,HP,1,train
MHIST_diw.png,HP,0,train
MHIST_djf.png,HP,1,train
MHIST_djl.png,HP,1,train
MHIST_djm.png,HP,0,train
MHIST_djo.png,HP,3,train
MHIST_djq.png,HP,3,train
MHIST_djs.png,HP,3,train
MHIST_dju.png,HP,1,train
MHIST_djv.png,HP,0,train
MHIST_djy.png,HP,2,train
MHIST_djz.png,HP,0,train
MHIST_dka.png,HP,2,train
MHIST_dkb.png,HP,3,train
MHIST_dkc.png,SSA,4,train
MHIST_dkd.png,SSA,4,train
MHIST_dke.png,HP,0,train
MHIST_dkg.png,HP,1,train
MHIST_dki.png,SSA,5,train
MHIST_dkm.png,HP,1,train
MHIST_dkp.png,HP,1,train
MHIST_dkq.png,HP,0,train
MHIST_dkr.png,HP,2,train
MHIST_dks.png,HP,0,train
MHIST_dku.png,HP,2,train
MHIST_dkv.png,HP,2,train
MHIST_dkw.png,HP,3,train
MHIST_dkx.png,SSA,6,train
MHIST_dky.png,HP,3,train
MHIST_dkz.png,HP,0,train
MHIST_dla.png,HP,1,train
MHIST_dlb.png,HP,1,train
MHIST_dlc.png,HP,1,train
MHIST_dld.png,SSA,4,train
MHIST_dle.png,HP,2,train
MHIST_dlh.png,HP,0,train
MHIST_dli.png,HP,0,train
MHIST_dlk.png,HP,0,train
MHIST_dll.png,HP,0,train
MHIST_dlm.png,SSA,5,train
MHIST_dlo.png,HP,0,train
MHIST_dlr.png,HP,1,train
MHIST_dls.png,HP,1,train
MHIST_dlu.png,HP,1,train
MHIST_dlv.png,HP,2,train
MHIST_dlw.png,HP,1,train
MHIST_dlx.png,HP,0,train
MHIST_dly.png,HP,3,train
MHIST_dlz.png,HP,0,train
MHIST_dma.png,SSA,4,train
MHIST_dmb.png,HP,2,train
MHIST_dmc.png,HP,3,train
MHIST_dmd.png,HP,2,train
MHIST_dmk.png,HP,0,train
MHIST_dml.png,HP,2,train
MHIST_dmm.png,HP,1,train
MHIST_dmn.png,HP,1,train
MHIST_dmp.png,HP,1,train
MHIST_dmt.png,HP,1,train
MHIST_dmu.png,HP,1,train
MHIST_dmv.png,HP,3,train
MHIST_dmy.png,HP,1,train
MHIST_dmz.png,HP,1,train
MHIST_dna.png,SSA,4,train
MHIST_dnb.png,HP,1,train
MHIST_dne.png,HP,0,train
MHIST_dnh.png,HP,3,train
MHIST_dnk.png,HP,1,train
MHIST_dnl.png,HP,2,train
MHIST_dnm.png,HP,1,train
MHIST_dnn.png,HP,2,train
MHIST_dno.png,HP,3,train
MHIST_dnt.png,HP,0,train
MHIST_dnu.png,HP,0,train
MHIST_dnv.png,HP,0,train
MHIST_dnw.png,HP,0,train
MHIST_dnx.png,HP,1,train
MHIST_dny.png,HP,1,train
MHIST_dnz.png,HP,3,train
MHIST_doa.png,HP,0,train
MHIST_doc.png,HP,3,train
MHIST_doe.png,HP,0,train
MHIST_dof.png,HP,1,train
MHIST_dok.png,SSA,4,train
MHIST_dom.png,SSA,4,train
MHIST_doq.png,HP,1,train
MHIST_dor.png,HP,1,train
MHIST_dos.png,HP,1,train
MHIST_dot.png,HP,1,train
MHIST_dox.png,HP,2,train
MHIST_doy.png,SSA,4,train
MHIST_dpb.png,SSA,4,train
MHIST_dpe.png,HP,1,train
MHIST_dpf.png,HP,0,train
MHIST_dph.png,HP,2,train
MHIST_dpj.png,SSA,4,train
MHIST_dpk.png,HP,1,train
MHIST_dpm.png,HP,0,train
MHIST_dpp.png,SSA,4,train
MHIST_dpq.png,HP,1,train
MHIST_dpr.png,HP,1,train
MHIST_dps.png,HP,0,train
MHIST_dpu.png,HP,1,train
MHIST_dpv.png,HP,0,train
MHIST_dpw.png,HP,0,train
MHIST_dpz.png,HP,1,train
MHIST_dqa.png,HP,0,train
MHIST_dqb.png,HP,0,train
MHIST_dqc.png,HP,0,train
MHIST_dqd.png,HP,0,train
MHIST_dqe.png,HP,0,train
MHIST_dqf.png,HP,0,train
MHIST_dqg.png,HP,1,train
MHIST_dqi.png,HP,0,train
MHIST_dqj.png,HP,2,train
MHIST_dql.png,HP,1,train
MHIST_dqm.png,HP,3,train
MHIST_dqo.png,HP,1,train
MHIST_dqp.png,HP,0,train
MHIST_dqr.png,SSA,4,train
MHIST_dqt.png,SSA,4,train
MHIST_dqu.png,HP,0,train
MHIST_dqw.png,HP,2,train
MHIST_dqx.png,HP,1,train
MHIST_dqz.png,HP,0,train
MHIST_dra.png,HP,2,train
MHIST_drd.png,HP,0,train
MHIST_drf.png,SSA,6,train
MHIST_drg.png,HP,0,train
MHIST_dri.png,HP,0,train
MHIST_drj.png,HP,1,train
MHIST_drk.png,HP,2,train
MHIST_drn.png,HP,2,train
MHIST_dro.png,HP,2,train
MHIST_drr.png,HP,0,train
MHIST_drw.png,HP,0,train
MHIST_drx.png,HP,0,train
MHIST_dry.png,HP,2,train
MHIST_drz.png,HP,1,train
MHIST_dsf.png,HP,3,train
MHIST_dsh.png,HP,2,train
MHIST_dsj.png,HP,0,train
MHIST_dsk.png,SSA,4,train
MHIST_dsm.png,SSA,4,train
MHIST_dsn.png,HP,1,train
MHIST_dsp.png,HP,1,train
MHIST_dsq.png,HP,3,train
MHIST_dsr.png,HP,1,train
MHIST_dst.png,HP,0,train
MHIST_dsu.png,HP,1,train
MHIST_dsv.png,HP,1,train
MHIST_dsw.png,HP,1,train
MHIST_dsx.png,HP,0,train
MHIST_dsz.png,HP,2,train
MHIST_dtb.png,HP,3,train
MHIST_dtd.png,HP,2,train
MHIST_dtf.png,HP,3,train
MHIST_dth.png,HP,0,train
MHIST_dti.png,HP,0,train
MHIST_dtk.png,HP,0,train
MHIST_dtp.png,HP,2,train
MHIST_dtr.png,HP,1,train
MHIST_dts.png,SSA,5,train
MHIST_dtw.png,HP,1,train
MHIST_duc.png,HP,1,train
MHIST_dud.png,HP,3,train
MHIST_due.png,SSA,4,train
MHIST_duj.png,HP,3,train
MHIST_duk.png,HP,3,train
MHIST_duu.png,HP,1,train
MHIST_duz.png,SSA,5,train
MHIST_dvb.png,HP,0,train
MHIST_dvc.png,HP,0,train
MHIST_dvf.png,HP,1,train
MHIST_dvh.png,HP,1,train
MHIST_dvm.png,HP,2,train
MHIST_dvn.png,HP,2,train
MHIST_dvo.png,HP,1,train
MHIST_dvp.png,HP,0,train
MHIST_dvu.png,HP,0,train
MHIST_dvw.png,HP,3,train
MHIST_dvx.png,HP,2,train
MHIST_dwb.png,HP,1,train
MHIST_dwd.png,HP,0,train
MHIST_dwe.png,HP,1,train
MHIST_dwj.png,HP,2,train
MHIST_dwk.png,HP,1,train
MHIST_dwl.png,HP,3,train
MHIST_dwm.png,HP,1,train
MHIST_dwo.png,HP,2,train
MHIST_dwr.png,HP,1,train
MHIST_dwv.png,HP,0,train
MHIST_dww.png,HP,1,train
MHIST_dwx.png,HP,1,train
MHIST_dwy.png,HP,1,train
MHIST_dxb.png,HP,3,train
MHIST_dxd.png,HP,3,train
MHIST_dxf.png,HP,3,train
MHIST_dxg.png,HP,1,train
MHIST_dxh.png,HP,1,train
MHIST_dxn.png,HP,1,train
MHIST_dxp.png,HP,3,train
MHIST_dxq.png,HP,2,train
MHIST_dxw.png,HP,1,train
MHIST_dxx.png,HP,0,train
MHIST_dxy.png,HP,2,train
MHIST_dxz.png,HP,2,train
MHIST_dya.png,HP,2,train
MHIST_dyb.png,HP,1,train
MHIST_dyc.png,HP,1,train
MHIST_dyf.png,HP,2,train
MHIST_dyg.png,HP,3,train
MHIST_dyh.png,HP,0,train
MHIST_dyi.png,HP,2,train
MHIST_dyj.png,HP,0,train
MHIST_dyl.png,HP,0,train
MHIST_dym.png,HP,2,train
MHIST_dyr.png,HP,1,train
MHIST_dys.png,HP,3,train
MHIST_dyt.png,HP,1,train
MHIST_dyu.png,HP,1,train
MHIST_dyx.png,HP,0,train
MHIST_dyz.png,SSA,6,train
MHIST_dzf.png,HP,1,train
MHIST_dzg.png,HP,0,train
MHIST_dzh.png,HP,1,train
MHIST_dzi.png,HP,1,train
MHIST_dzj.png,HP,2,train
MHIST_dzk.png,SSA,4,train
MHIST_dzn.png,HP,1,train
MHIST_dzo.png,HP,1,train
MHIST_dzp.png,HP,1,train
MHIST_dzr.png,HP,2,train
MHIST_dzv.png,HP,2,train
MHIST_dzy.png,HP,1,train
MHIST_eaa.png,HP,1,train
MHIST_eab.png,SSA,4,train
MHIST_ead.png,HP,0,train
MHIST_eae.png,HP,3,train
MHIST_eaj.png,SSA,4,train
MHIST_eal.png,HP,2,train
MHIST_ean.png,HP,2,train
MHIST_eaq.png,HP,2,train
MHIST_ear.png,HP,1,train
MHIST_eas.png,HP,0,train
MHIST_eat.png,HP,1,train
MHIST_eau.png,SSA,4,train
MHIST_eaw.png,HP,0,train
MHIST_eax.png,HP,1,train
MHIST_eay.png,HP,1,train
MHIST_eaz.png,HP,3,train
MHIST_eba.png,HP,2,train
MHIST_ebb.png,HP,2,train
MHIST_ebe.png,HP,0,train
MHIST_ebf.png,HP,0,train
MHIST_ebg.png,HP,1,train
MHIST_ebi.png,HP,3,train
MHIST_ebj.png,HP,0,train
MHIST_ebm.png,HP,2,train
MHIST_ebn.png,HP,1,train
MHIST_ebo.png,HP,1,train
MHIST_ebq.png,HP,1,train
MHIST_ebr.png,HP,2,train
MHIST_ebs.png,HP,2,train
MHIST_ebv.png,HP,3,train
MHIST_ebw.png,HP,2,train
MHIST_ebx.png,HP,2,train
MHIST_ebz.png,SSA,5,train
MHIST_eca.png,HP,3,train
MHIST_ecd.png,SSA,5,train
MHIST_ecf.png,HP,0,train
MHIST_ecg.png,HP,1,train
MHIST_eci.png,HP,0,train
MHIST_ecm.png,HP,1,train
MHIST_ecp.png,SSA,4,train
MHIST_ecq.png,HP,3,train
MHIST_ecs.png,HP,0,train
MHIST_ect.png,HP,0,train
MHIST_ecu.png,HP,1,train
MHIST_ecv.png,HP,2,train
MHIST_ecw.png,HP,0,train
MHIST_ecy.png,SSA,4,train
MHIST_edb.png,HP,0,train
MHIST_edc.png,HP,3,train
MHIST_ede.png,SSA,5,train
MHIST_edk.png,HP,2,train
MHIST_edq.png,HP,0,train
MHIST_edr.png,HP,3,train
MHIST_edt.png,HP,0,train
MHIST_edu.png,HP,0,train
MHIST_edv.png,HP,1,train
MHIST_edw.png,HP,0,train
MHIST_edx.png,HP,1,train
MHIST_edy.png,HP,1,train
MHIST_edz.png,HP,1,train
MHIST_eea.png,HP,0,train
MHIST_eeb.png,HP,0,train
MHIST_eed.png,HP,0,train
MHIST_eeg.png,HP,3,train
MHIST_eei.png,HP,1,train
MHIST_eej.png,HP,2,train
MHIST_eek.png,SSA,5,train
MHIST_eel.png,HP,3,train
MHIST_eem.png,HP,1,train
MHIST_eep.png,HP,1,train
MHIST_eer.png,HP,3,train
MHIST_ees.png,HP,1,train
MHIST_eet.png,HP,1,train
MHIST_eeu.png,HP,2,train
MHIST_eev.png,HP,0,train
MHIST_eew.png,HP,0,train
MHIST_eex.png,SSA,4,train
MHIST_eez.png,HP,2,train
MHIST_efc.png,HP,1,train
MHIST_efe.png,SSA,4,train
MHIST_efg.png,HP,1,train
MHIST_efi.png,HP,0,train
MHIST_efj.png,HP,0,train
MHIST_efk.png,HP,3,train
MHIST_efm.png,HP,1,train
MHIST_efn.png,HP,2,train
MHIST_efp.png,HP,3,train
MHIST_efq.png,HP,3,train
MHIST_eft.png,HP,1,train
MHIST_efx.png,HP,1,train
MHIST_ega.png,HP,1,train
MHIST_egc.png,HP,1,train
MHIST_egg.png,HP,3,train
MHIST_egh.png,SSA,4,train
MHIST_egj.png,HP,0,train
MHIST_egl.png,HP,0,train
MHIST_egm.png,HP,0,train
MHIST_egn.png,SSA,5,train
MHIST_ego.png,HP,0,train
MHIST_egp.png,SSA,4,train
MHIST_egq.png,HP,1,train
MHIST_egr.png,HP,3,train
MHIST_egs.png,HP,3,train
MHIST_egt.png,HP,1,train
MHIST_egu.png,HP,2,train
MHIST_egv.png,HP,3,train
MHIST_egx.png,HP,2,train
MHIST_egy.png,HP,2,train
MHIST_ehe.png,HP,0,train
MHIST_ehf.png,HP,0,train
MHIST_ehi.png,HP,1,train
MHIST_ehj.png,HP,1,train
MHIST_ehl.png,HP,2,train
MHIST_ehp.png,HP,0,train
MHIST_ehq.png,HP,0,train
MHIST_ehr.png,SSA,5,train
MHIST_eht.png,HP,0,train
MHIST_ehu.png,HP,0,train
MHIST_ehv.png,HP,0,train
MHIST_ehx.png,HP,2,train
MHIST_ehy.png,HP,1,train
MHIST_eia.png,HP,1,train
MHIST_eid.png,HP,0,train
MHIST_eif.png,HP,0,train
MHIST_eig.png,HP,1,train
MHIST_eih.png,HP,3,train
MHIST_eij.png,HP,2,train
MHIST_eik.png,HP,1,train
MHIST_eim.png,HP,1,train
MHIST_ein.png,HP,2,train
MHIST_eip.png,HP,0,train
MHIST_eis.png,HP,2,train
MHIST_eit.png,SSA,4,train
MHIST_eiw.png,HP,0,train
MHIST_eix.png,HP,1,train
MHIST_eiz.png,HP,1,train
MHIST_eja.png,HP,3,train
MHIST_ejb.png,HP,2,train
MHIST_ejc.png,HP,1,train
MHIST_eje.png,HP,1,train
MHIST_ejg.png,HP,1,train
MHIST_eji.png,HP,0,train
MHIST_ejj.png,HP,0,train
MHIST_ejk.png,HP,1,train
MHIST_ejl.png,HP,0,train
MHIST_ejp.png,HP,3,train
MHIST_ejq.png,HP,3,train
MHIST_ejs.png,SSA,4,train
MHIST_ejt.png,HP,3,train
MHIST_eju.png,HP,1,train
MHIST_ejv.png,SSA,4,train
MHIST_ejw.png,HP,3,train
MHIST_ejx.png,HP,0,train
MHIST_ejy.png,HP,1,train
MHIST_ejz.png,HP,2,train
MHIST_eka.png,HP,2,train
MHIST_ekb.png,HP,1,train
MHIST_ekd.png,HP,2,train
MHIST_eki.png,HP,3,train
MHIST_ekk.png,HP,1,train
MHIST_ekl.png,HP,1,train
MHIST_eko.png,HP,2,train
MHIST_ekp.png,HP,1,train
MHIST_ekq.png,SSA,4,train
MHIST_ekr.png,HP,3,train
MHIST_eks.png,HP,2,train
MHIST_ekt.png,HP,1,train
MHIST_eku.png,HP,1,train
MHIST_ekv.png,HP,1,train
MHIST_ekw.png,HP,1,train
MHIST_ekz.png,HP,1,train
MHIST_elc.png,HP,0,train
MHIST_eld.png,SSA,4,train
MHIST_elg.png,HP,0,train
MHIST_elm.png,HP,0,train
MHIST_elp.png,HP,0,train
MHIST_elq.png,HP,0,train
MHIST_elr.png,HP,1,train
MHIST_ely.png,HP,0,train
MHIST_elz.png,HP,0,train
MHIST_emb.png,HP,0,train
MHIST_emc.png,SSA,4,train
MHIST_emd.png,HP,1,train
MHIST_eme.png,HP,1,train
MHIST_emh.png,HP,0,train
MHIST_emi.png,HP,0,train
MHIST_emj.png,HP,1,train
MHIST_emk.png,HP,3,train
MHIST_eml.png,HP,0,train
MHIST_emm.png,HP,0,train
MHIST_emn.png,HP,0,train
MHIST_emo.png,HP,0,train
MHIST_emt.png,HP,3,train
MHIST_emw.png,SSA,4,train
MHIST_emz.png,HP,1,train
MHIST_enb.png,HP,0,train
MHIST_enf.png,HP,0,train
MHIST_eng.png,HP,0,train
MHIST_enh.png,HP,0,train
MHIST_eni.png,HP,1,train
MHIST_enj.png,HP,1,train
MHIST_enn.png,HP,0,train
MHIST_eno.png,HP,0,train
MHIST_enp.png,HP,2,train
MHIST_ens.png,HP,3,train
MHIST_ent.png,HP,2,train
MHIST_enw.png,HP,1,train
MHIST_eoa.png,HP,0,train
MHIST_eob.png,HP,0,train
MHIST_eof.png,HP,0,train
MHIST_eog.png,HP,0,train
MHIST_eoi.png,HP,1,train
MHIST_eoj.png,HP,1,train
MHIST_eok.png,HP,0,train
MHIST_eom.png,HP,0,train
MHIST_eon.png,HP,0,train
MHIST_eoo.png,HP,1,train
MHIST_eos.png,HP,0,train
MHIST_eot.png,HP,0,train
MHIST_eou.png,HP,1,train
MHIST_eoy.png,HP,0,train
MHIST_eoz.png,HP,0,train
MHIST_epa.png,HP,0,train
MHIST_epb.png,HP,0,train
MHIST_epc.png,HP,1,train
MHIST_epd.png,HP,0,train
MHIST_epe.png,HP,0,train
MHIST_epg.png,HP,2,train
MHIST_eph.png,SSA,4,train
MHIST_epi.png,HP,2,train
MHIST_epq.png,HP,0,train
MHIST_epu.png,HP,0,train
MHIST_epv.png,HP,0,train
MHIST_epw.png,HP,0,train
MHIST_epz.png,HP,3,train
MHIST_eqb.png,HP,0,train
MHIST_eqd.png,HP,0,train
MHIST_eqf.png,HP,1,train
MHIST_eqh.png,HP,3,train
MHIST_eqk.png,HP,1,train
MHIST_eql.png,HP,2,train
MHIST_eqm.png,SSA,4,train
MHIST_eqn.png,HP,1,train
MHIST_eqq.png,HP,0,train
MHIST_eqr.png,HP,1,train
MHIST_eqs.png,HP,2,train
MHIST_eqw.png,SSA,4,train
MHIST_era.png,HP,2,train
MHIST_erb.png,HP,2,train
MHIST_ere.png,HP,1,train
MHIST_erf.png,HP,1,train
MHIST_aei.png,SSA,5,train
MHIST_afk.png,HP,2,train
MHIST_aip.png,SSA,4,train
MHIST_akh.png,HP,3,train
MHIST_akq.png,SSA,4,train
MHIST_akr.png,SSA,5,train
MHIST_apw.png,HP,2,train
MHIST_asz.png,HP,2,train
MHIST_atn.png,HP,3,train
MHIST_awn.png,SSA,5,train
MHIST_awr.png,HP,2,train
MHIST_axd.png,SSA,4,train
MHIST_bco.png,HP,2,train
MHIST_bhk.png,HP,3,train
MHIST_bma.png,HP,2,train
MHIST_bpz.png,HP,3,train
MHIST_cpy.png,SSA,4,train
MHIST_crg.png,HP,3,train
MHIST_cvh.png,HP,2,train
MHIST_ddv.png,HP,3,train
MHIST_dnp.png,SSA,4,train
MHIST_dwz.png,HP,2,train
MHIST_ecb.png,HP,3,train
MHIST_eln.png,HP,3,train
MHIST_eoe.png,SSA,5,train
MHIST_abi.png,SSA,6,train
MHIST_aed.png,SSA,4,train
MHIST_aeh.png,SSA,5,train
MHIST_age.png,SSA,6,train
MHIST_agf.png,SSA,6,train
MHIST_ahl.png,SSA,4,train
MHIST_alh.png,HP,3,train
MHIST_aln.png,SSA,5,train
MHIST_apn.png,SSA,6,train
MHIST_apt.png,SSA,4,train
MHIST_aqp.png,SSA,4,train
MHIST_atj.png,SSA,4,train
MHIST_auq.png,SSA,4,train
MHIST_awg.png,SSA,4,train
MHIST_aya.png,SSA,5,train
MHIST_ayv.png,SSA,5,train
MHIST_azj.png,SSA,4,train
MHIST_bbh.png,SSA,4,train
MHIST_bbw.png,SSA,5,train
MHIST_beb.png,HP,3,train
MHIST_bee.png,HP,3,train
MHIST_bew.png,SSA,5,train
MHIST_bff.png,SSA,4,train
MHIST_bfn.png,HP,2,train
MHIST_bgc.png,SSA,4,train
MHIST_bgh.png,SSA,5,train
MHIST_bgl.png,HP,3,train
MHIST_bgp.png,SSA,5,train
MHIST_bgv.png,SSA,5,train
MHIST_bie.png,SSA,4,train
MHIST_biw.png,SSA,5,train
MHIST_bjs.png,SSA,5,train
MHIST_bkl.png,SSA,5,train
MHIST_blt.png,SSA,4,train
MHIST_blu.png,SSA,6,train
MHIST_blz.png,HP,3,train
MHIST_bms.png,SSA,6,train
MHIST_bnp.png,SSA,4,train
MHIST_bnr.png,SSA,4,train
MHIST_bow.png,SSA,5,train
MHIST_boy.png,SSA,4,train
MHIST_bpj.png,SSA,4,train
MHIST_bqe.png,SSA,5,train
MHIST_bqk.png,SSA,5,train
MHIST_bqn.png,SSA,4,train
MHIST_brl.png,SSA,4,train
MHIST_brw.png,SSA,6,train
MHIST_bsx.png,SSA,6,train
MHIST_btt.png,SSA,6,train
MHIST_btu.png,SSA,5,train
MHIST_bvn.png,SSA,5,train
MHIST_bvq.png,SSA,4,train
MHIST_bwu.png,SSA,4,train
MHIST_bym.png,SSA,6,train
MHIST_byy.png,SSA,6,train
MHIST_byz.png,SSA,4,train
MHIST_bzk.png,SSA,5,train
MHIST_bzw.png,SSA,6,train
MHIST_cdy.png,SSA,4,train
MHIST_cfy.png,SSA,4,train
MHIST_chp.png,SSA,5,train
MHIST_cnv.png,SSA,5,train
MHIST_cnw.png,SSA,4,train
MHIST_cny.png,SSA,4,train
MHIST_crs.png,SSA,6,train
MHIST_cwt.png,SSA,4,train
MHIST_cye.png,SSA,5,train
MHIST_dam.png,SSA,6,train
MHIST_dav.png,SSA,6,train
MHIST_dbz.png,SSA,5,train
MHIST_dcm.png,SSA,6,train
MHIST_ddw.png,SSA,6,train
MHIST_dgs.png,SSA,5,train
MHIST_djk.png,SSA,4,train
MHIST_dkj.png,SSA,4,train
MHIST_dkn.png,SSA,5,train
MHIST_dmj.png,SSA,5,train
MHIST_doh.png,SSA,5,train
MHIST_dpl.png,SSA,4,train
MHIST_dpo.png,SSA,6,train
MHIST_dpt.png,SSA,4,train
MHIST_dsi.png,SSA,4,train
MHIST_dso.png,SSA,6,train
MHIST_dtu.png,SSA,5,train
MHIST_dui.png,SSA,5,train
MHIST_duq.png,SSA,4,train
MHIST_dvk.png,SSA,5,train
MHIST_dvr.png,SSA,6,train
MHIST_dwc.png,SSA,6,train
MHIST_dwq.png,SSA,6,train
MHIST_dxe.png,SSA,5,train
MHIST_edl.png,SSA,5,train
MHIST_eef.png,SSA,5,train
MHIST_een.png,SSA,5,train
MHIST_efa.png,SSA,6,train
MHIST_efo.png,SSA,5,train
MHIST_egk.png,SSA,6,train
MHIST_egw.png,SSA,5,train
MHIST_eiq.png,SSA,5,train
MHIST_eiu.png,SSA,5,train
MHIST_eiv.png,SSA,6,train
MHIST_ejh.png,SSA,6,train
MHIST_ejn.png,SSA,5,train
MHIST_elf.png,SSA,4,train
MHIST_ema.png,SSA,5,train
MHIST_emg.png,SSA,5,train
MHIST_epm.png,SSA,5,train
MHIST_epn.png,SSA,6,train
MHIST_epr.png,SSA,5,train
MHIST_erc.png,SSA,6,train
MHIST_cdd.png,SSA,5,train
MHIST_ctf.png,SSA,4,train
MHIST_eox.png,SSA,5,train
MHIST_bsk.png,SSA,6,train
MHIST_cma.png,SSA,5,train
MHIST_cor.png,SSA,5,train
MHIST_cup.png,SSA,5,train
MHIST_dbk.png,SSA,6,train
MHIST_dxm.png,SSA,5,train
MHIST_aqb.png,SSA,5,train
MHIST_aqf.png,SSA,5,train
MHIST_awj.png,SSA,6,train
MHIST_axh.png,SSA,5,train
MHIST_ayc.png,SSA,5,train
MHIST_ayn.png,SSA,5,train
MHIST_azu.png,SSA,6,train
MHIST_bos.png,SSA,5,train
MHIST_cbc.png,SSA,6,train
MHIST_cms.png,SSA,5,train
MHIST_cnz.png,SSA,6,train
MHIST_cph.png,SSA,6,train
MHIST_cpu.png,SSA,6,train
MHIST_cqc.png,SSA,6,train
MHIST_daf.png,SSA,6,train
MHIST_dfk.png,SSA,5,train
MHIST_dgi.png,SSA,6,train
MHIST_dia.png,SSA,6,train
MHIST_djx.png,SSA,6,train
MHIST_dkt.png,SSA,6,train
MHIST_dms.png,SSA,6,train
MHIST_dol.png,SSA,6,train
MHIST_dtv.png,SSA,6,train
MHIST_dup.png,SSA,6,train
MHIST_dwu.png,SSA,6,train
MHIST_dxr.png,SSA,6,train
MHIST_eee.png,SSA,5,train
MHIST_ehn.png,SSA,6,train
MHIST_eor.png,SSA,6,train
MHIST_eqo.png,SSA,6,train
MHIST_aan.png,SSA,6,train
MHIST_agj.png,SSA,6,train
MHIST_ahc.png,SSA,6,train
MHIST_ahu.png,SSA,6,train
MHIST_aiq.png,SSA,6,train
MHIST_akm.png,SSA,6,train
MHIST_amg.png,SSA,6,train
MHIST_amj.png,SSA,6,train
MHIST_anp.png,SSA,6,train
MHIST_anx.png,SSA,6,train
MHIST_anz.png,SSA,6,train
MHIST_aoc.png,SSA,6,train
MHIST_aog.png,SSA,6,train
MHIST_aoh.png,SSA,6,train
MHIST_aoi.png,SSA,6,train
MHIST_aoj.png,SSA,6,train
MHIST_aor.png,SSA,6,train
MHIST_apv.png,SSA,6,train
MHIST_aqd.png,SSA,6,train
MHIST_aqs.png,SSA,6,train
MHIST_arn.png,SSA,6,train
MHIST_asx.png,SSA,6,train
MHIST_ate.png,SSA,6,train
MHIST_atk.png,SSA,6,train
MHIST_avr.png,SSA,6,train
MHIST_avv.png,SSA,6,train
MHIST_awo.png,SSA,6,train
MHIST_aww.png,SSA,6,train
MHIST_axa.png,SSA,6,train
MHIST_axp.png,SSA,6,train
MHIST_axv.png,SSA,6,train
MHIST_ayo.png,SSA,6,train
MHIST_azp.png,SSA,6,train
MHIST_azq.png,SSA,6,train
MHIST_bam.png,SSA,6,train
MHIST_bao.png,SSA,6,train
MHIST_bax.png,SSA,6,train
MHIST_bbg.png,SSA,6,train
MHIST_bbt.png,SSA,6,train
MHIST_bce.png,SSA,6,train
MHIST_bdp.png,SSA,6,train
MHIST_beo.png,SSA,6,train
MHIST_beu.png,SSA,6,train
MHIST_bev.png,SSA,6,train
MHIST_bfg.png,SSA,6,train
MHIST_bfq.png,SSA,6,train
MHIST_bgb.png,SSA,6,train
MHIST_bgf.png,SSA,6,train
MHIST_bhl.png,SSA,6,train
MHIST_bhs.png,SSA,6,train
MHIST_bhw.png,SSA,6,train
MHIST_bib.png,SSA,6,train
MHIST_bih.png,SSA,6,train
MHIST_bii.png,SSA,6,train
MHIST_bja.png,SSA,6,train
MHIST_bjp.png,SSA,6,train
MHIST_bkb.png,SSA,6,train
MHIST_bkd.png,SSA,6,train
MHIST_bks.png,SSA,6,train
MHIST_bky.png,SSA,6,train
MHIST_bnf.png,SSA,6,train
MHIST_bop.png,SSA,6,train
MHIST_bor.png,SSA,6,train
MHIST_bpb.png,SSA,6,train
MHIST_bpp.png,SSA,6,train
MHIST_bql.png,SSA,6,train
MHIST_bsj.png,SSA,6,train
MHIST_bwa.png,SSA,6,train
MHIST_byh.png,SSA,6,train
MHIST_cbu.png,SSA,6,train
MHIST_ccd.png,SSA,6,train
MHIST_cfi.png,SSA,6,train
MHIST_cfx.png,SSA,6,train
MHIST_cic.png,SSA,6,train
MHIST_cln.png,SSA,6,train
MHIST_clw.png,SSA,6,train
MHIST_cmj.png,SSA,6,train
MHIST_cml.png,SSA,6,train
MHIST_crk.png,SSA,6,train
MHIST_czb.png,SSA,6,train
MHIST_czs.png,SSA,6,train
MHIST_dhb.png,SSA,6,train
MHIST_dho.png,SSA,6,train
MHIST_dhu.png,SSA,6,train
MHIST_diy.png,SSA,6,train
MHIST_dog.png,SSA,7,train
MHIST_cqg.png,SSA,7,train
MHIST_dwa.png,SSA,7,train
MHIST_cpc.png,SSA,7,train
MHIST_cso.png,SSA,7,train
MHIST_eqa.png,SSA,7,train
MHIST_buo.png,SSA,7,train
MHIST_ehc.png,SSA,7,train
MHIST_ekx.png,SSA,7,train
MHIST_eky.png,SSA,7,train
MHIST_aiu.png,SSA,7,train
MHIST_dtl.png,SSA,7,train
MHIST_chs.png,SSA,7,train
MHIST_dao.png,SSA,7,train
MHIST_dcp.png,SSA,7,train
MHIST_dty.png,SSA,7,train
MHIST_cpw.png,SSA,7,train
MHIST_dtn.png,SSA,7,train
MHIST_aet.png,SSA,7,train
MHIST_bws.png,SSA,7,train
MHIST_bzc.png,SSA,7,train
MHIST_bum.png,SSA,7,train
MHIST_dvg.png,SSA,7,train
MHIST_cjo.png,SSA,7,train
MHIST_dmi.png,SSA,7,train
MHIST_crm.png,SSA,7,train
MHIST_aji.png,SSA,7,train
MHIST_dwp.png,SSA,7,train
MHIST_adu.png,SSA,7,train
MHIST_eqp.png,SSA,7,train
MHIST_eec.png,SSA,7,train
MHIST_edp.png,SSA,7,train
MHIST_dcc.png,SSA,7,train
MHIST_cgx.png,SSA,7,train
MHIST_dxk.png,SSA,7,train
MHIST_dzt.png,SSA,7,train
MHIST_bze.png,SSA,7,train
MHIST_efl.png,SSA,7,train
MHIST_eic.png,SSA,7,train
MHIST_dyy.png,SSA,7,train
MHIST_dzb.png,SSA,7,train
MHIST_acc.png,SSA,7,train
MHIST_cyx.png,SSA,7,train
MHIST_ebt.png,SSA,7,train
MHIST_cwr.png,SSA,7,train
MHIST_ddu.png,SSA,7,train
MHIST_deq.png,SSA,7,train
MHIST_cot.png,SSA,7,train
MHIST_coc.png,SSA,7,train
MHIST_cne.png,SSA,7,train
MHIST_dht.png,SSA,7,train
MHIST_ccu.png,SSA,7,train
MHIST_cvt.png,SSA,7,train
MHIST_cwq.png,SSA,7,train
MHIST_cvu.png,SSA,7,train
MHIST_djj.png,SSA,7,train
MHIST_diu.png,SSA,7,train
MHIST_djn.png,SSA,7,train
MHIST_cod.png,SSA,7,train
MHIST_drh.png,SSA,7,train
MHIST_cty.png,SSA,7,train
MHIST_ebd.png,SSA,7,train
MHIST_ccf.png,SSA,7,train
MHIST_dew.png,SSA,7,train
MHIST_cmz.png,SSA,7,train
MHIST_dhr.png,SSA,7,train
MHIST_cnc.png,SSA,7,train
MHIST_cui.png,SSA,7,train
MHIST_eov.png,SSA,7,train
MHIST_ebp.png,SSA,7,train
MHIST_czg.png,SSA,7,train
MHIST_abt.png,SSA,7,train
MHIST_acp.png,SSA,7,train
MHIST_dqq.png,SSA,7,train
MHIST_cnb.png,SSA,7,train
MHIST_dhs.png,SSA,7,train
MHIST_ddj.png,SSA,7,train
MHIST_dsc.png,SSA,7,train
MHIST_bse.png,SSA,7,train
MHIST_elv.png,SSA,7,train
MHIST_ecn.png,SSA,7,train
MHIST_elw.png,SSA,7,train
MHIST_abo.png,SSA,7,train
MHIST_dpn.png,SSA,7,train
MHIST_djw.png,SSA,7,train
MHIST_dkf.png,SSA,7,train
MHIST_cac.png,SSA,7,train
MHIST_cbo.png,SSA,7,train
MHIST_dqh.png,SSA,7,train
MHIST_bsq.png,SSA,7,train
MHIST_enk.png,SSA,7,train
MHIST_cxw.png,SSA,7,train
MHIST_dsa.png,SSA,7,train
MHIST_dre.png,SSA,7,train
MHIST_cab.png,SSA,7,train
MHIST_dik.png,SSA,7,train
MHIST_deh.png,SSA,7,train
MHIST_drv.png,SSA,7,train
MHIST_cvo.png,SSA,7,train
MHIST_dse.png,SSA,7,train
MHIST_bfu.png,SSA,7,train
MHIST_eav.png,SSA,7,train
MHIST_dsd.png,SSA,7,train
MHIST_ctq.png,SSA,7,train
MHIST_cap.png,SSA,7,train
MHIST_dei.png,SSA,7,train
MHIST_car.png,SSA,7,train
MHIST_azm.png,SSA,7,train
MHIST_ccm.png,SSA,7,train
MHIST_dgc.png,SSA,7,train
MHIST_alw.png,SSA,7,train
MHIST_drb.png,SSA,7,train
MHIST_cxp.png,SSA,7,train
MHIST_bqh.png,SSA,7,train
MHIST_bpl.png,SSA,7,train
MHIST_eoh.png,SSA,7,train
MHIST_eck.png,SSA,7,train
MHIST_bfv.png,SSA,7,train
MHIST_eby.png,SSA,7,train
MHIST_ecj.png,SSA,7,train
MHIST_bfw.png,SSA,7,train
MHIST_emv.png,SSA,7,train
MHIST_bio.png,SSA,7,train
MHIST_cxf.png,SSA,7,train
MHIST_czn.png,SSA,7,train
MHIST_cyu.png,SSA,7,train
MHIST_ala.png,SSA,7,train
MHIST_cua.png,SSA,7,train
MHIST_drt.png,SSA,7,train
MHIST_ayw.png,SSA,7,train
MHIST_djr.png,SSA,7,train
MHIST_ckw.png,SSA,7,train
MHIST_dae.png,SSA,7,train
MHIST_cfg.png,SSA,7,train
MHIST_cgt.png,SSA,7,train
MHIST_ajf.png,SSA,7,train
MHIST_cqy.png,SSA,7,train
MHIST_cqn.png,SSA,7,train
MHIST_aij.png,SSA,7,train
MHIST_btb.png,SSA,7,train
MHIST_ekf.png,SSA,7,train
MHIST_bbx.png,SSA,7,train
MHIST_egd.png,SSA,7,train
MHIST_ehk.png,SSA,7,train
MHIST_bwo.png,SSA,7,train
MHIST_bug.png,SSA,7,train
MHIST_dwi.png,SSA,7,train
MHIST_dte.png,SSA,7,train
MHIST_dua.png,SSA,7,train
MHIST_dmg.png,SSA,7,train
MHIST_chz.png,SSA,7,train
MHIST_ckc.png,SSA,7,train
MHIST_dni.png,SSA,7,train
MHIST_cfd.png,SSA,7,train
MHIST_dbj.png,SSA,7,train
MHIST_dtg.png,SSA,7,train
MHIST_ahz.png,SSA,7,train
MHIST_cse.png,SSA,7,train
MHIST_ajr.png,SSA,7,train
MHIST_dxs.png,SSA,7,train
MHIST_dyw.png,SSA,7,train
MHIST_bxb.png,SSA,7,train
MHIST_efb.png,SSA,7,train
MHIST_efu.png,SSA,7,train
MHIST_bbm.png,SSA,7,train
MHIST_eil.png,SSA,7,train
MHIST_blf.png,SSA,7,train
MHIST_bwl.png,SSA,7,train
MHIST_epy.png,SSA,7,train
MHIST_dzz.png,SSA,7,train
MHIST_cql.png,SSA,7,train
MHIST_dcx.png,SSA,7,train
MHIST_cjf.png,SSA,7,train
MHIST_dmw.png,SSA,7,train
MHIST_ail.png,SSA,7,train
MHIST_dvj.png,SSA,7,train
MHIST_duf.png,SSA,7,train
MHIST_dxa.png,SSA,7,train
MHIST_eqy.png,SSA,7,train
MHIST_bnj.png,SSA,7,train
MHIST_bon.png,SSA,7,train
MHIST_bbi.png,SSA,7,train
MHIST_edo.png,SSA,7,train
MHIST_bcl.png,SSA,7,train
MHIST_blc.png,SSA,7,train
MHIST_eii.png,SSA,7,train
MHIST_boo.png,SSA,7,train
MHIST_bmp.png,SSA,7,train
MHIST_bxq.png,SSA,7,train
MHIST_byu.png,SSA,7,train
MHIST_bzn.png,SSA,7,train
MHIST_eqx.png,SSA,7,train
MHIST_ake.png,SSA,7,train
MHIST_dtt.png,SSA,7,train
MHIST_cjc.png,SSA,7,train
MHIST_cjv.png,SSA,7,train
MHIST_cja.png,SSA,7,train
MHIST_daw.png,SSA,7,train
MHIST_cgf.png,SSA,7,train
MHIST_cfb.png,SSA,7,train
MHIST_cst.png,SSA,7,train
MHIST_ahk.png,SSA,7,train
MHIST_crp.png,SSA,7,train
MHIST_csc.png,SSA,7,train
MHIST_dyq.png,SSA,7,train
MHIST_ags.png,SSA,7,train
MHIST_bvx.png,SSA,7,train
MHIST_byw.png,SSA,7,train
MHIST_bcn.png,SSA,7,train
MHIST_eeh.png,SSA,7,train
MHIST_bcy.png,SSA,7,train
MHIST_ejf.png,SSA,7,train
MHIST_bxe.png,SSA,7,train
MHIST_bxr.png,SSA,7,train
MHIST_bub.png,SSA,7,train
MHIST_bvy.png,SSA,7,train
MHIST_cpn.png,SSA,7,train
MHIST_dlf.png,SSA,7,train
MHIST_cks.png,SSA,7,train
